"TEP","MicB","MicP","Block","Tissue","Interaction"
1.671089444,"Prs","Abs","1","Aerial","Prs:Abs"
1.633206348,"Prs","Abs","1","Aerial","Prs:Abs"
2.118007724,"Abs","Abs","1","Aerial","Abs:Abs"
1.870451199,"Abs","Abs","1","Aerial","Abs:Abs"
2.005296167,"Prs","Prs","1","Aerial","Prs:Prs"
2.080808512,"Prs","Prs","1","Aerial","Prs:Prs"
1.870634155,"Prs","Abs","1","Aerial","Prs:Abs"
1.903035013,"Prs","Abs","1","Aerial","Prs:Abs"
2.640473861,"Abs","Prs","1","Aerial","Abs:Prs"
2.027702317,"Abs","Prs","1","Aerial","Abs:Prs"
1.855202803,"Prs","Abs","1","Aerial","Prs:Abs"
1.722086335,"Prs","Abs","1","Aerial","Prs:Abs"
2.126158497,"Prs","Prs","1","Aerial","Prs:Prs"
1.925620511,"Prs","Prs","1","Aerial","Prs:Prs"
2.042844662,"Abs","Abs","1","Aerial","Abs:Abs"
2.113582403,"Abs","Abs","1","Aerial","Abs:Abs"
2.544745817,"Abs","Prs","1","Aerial","Abs:Prs"
2.435133666,"Abs","Prs","1","Aerial","Abs:Prs"
2.13576403,"Abs","Abs","1","Aerial","Abs:Abs"
2.064716244,"Abs","Abs","1","Aerial","Abs:Abs"
2.211747983,"Prs","Prs","2","Aerial","Prs:Prs"
1.926921167,"Prs","Prs","2","Aerial","Prs:Prs"
2.420453142,"Prs","Abs","2","Aerial","Prs:Abs"
2.182694214,"Prs","Abs","2","Aerial","Prs:Abs"
2.239454326,"Abs","Prs","2","Aerial","Abs:Prs"
1.970466548,"Abs","Prs","2","Aerial","Abs:Prs"
1.89060629,"Abs","Prs","2","Aerial","Abs:Prs"
2.251420534,"Abs","Prs","2","Aerial","Abs:Prs"
2.128414214,"Prs","Abs","2","Aerial","Prs:Abs"
1.605463059,"Prs","Abs","2","Aerial","Prs:Abs"
2.011947353,"Abs","Prs","2","Aerial","Abs:Prs"
1.851079317,"Abs","Prs","2","Aerial","Abs:Prs"
2.189281039,"Abs","Abs","2","Aerial","Abs:Abs"
1.880814353,"Abs","Abs","2","Aerial","Abs:Abs"
1.568554982,"Prs","Abs","2","Aerial","Prs:Abs"
1.568554982,"Prs","Abs","2","Aerial","Prs:Abs"
2.543208082,"Prs","Prs","2","Aerial","Prs:Prs"
2.433383899,"Prs","Prs","2","Aerial","Prs:Prs"
2.423223172,"Abs","Abs","2","Aerial","Abs:Abs"
2.061036905,"Abs","Abs","2","Aerial","Abs:Abs"
1.841316008,"Abs","Prs","3","Aerial","Abs:Prs"
1.970227899,"Abs","Prs","3","Aerial","Abs:Prs"
2.753539756,"Prs","Prs","3","Aerial","Prs:Prs"
2.265358186,"Prs","Prs","3","Aerial","Prs:Prs"
1.817108073,"Abs","Abs","3","Aerial","Abs:Abs"
1.551667139,"Abs","Abs","3","Aerial","Abs:Abs"
1.96827396,"Abs","Abs","3","Aerial","Abs:Abs"
1.796661221,"Abs","Abs","3","Aerial","Abs:Abs"
2.053387227,"Prs","Prs","3","Aerial","Prs:Prs"
1.817929274,"Prs","Prs","3","Aerial","Prs:Prs"
1.678114904,"Abs","Prs","3","Aerial","Abs:Prs"
1.63322331,"Abs","Prs","3","Aerial","Abs:Prs"
2.114915808,"Abs","Prs","3","Aerial","Abs:Prs"
2.076424356,"Abs","Prs","3","Aerial","Abs:Prs"
1.916566124,"Prs","Prs","3","Aerial","Prs:Prs"
1.718303178,"Prs","Prs","3","Aerial","Prs:Prs"
1.917941388,"Prs","Abs","3","Aerial","Prs:Abs"
1.84036273,"Prs","Abs","3","Aerial","Prs:Abs"
1.831981396,"Prs","Abs","3","Aerial","Prs:Abs"
1.889296395,"Prs","Abs","3","Aerial","Prs:Abs"
2.021805398,"Abs","Abs","4","Aerial","Abs:Abs"
1.837235654,"Abs","Abs","4","Aerial","Abs:Abs"
2.027553034,"Abs","Prs","4","Aerial","Abs:Prs"
1.628061181,"Abs","Prs","4","Aerial","Abs:Prs"
2.46570539,"Abs","Prs","4","Aerial","Abs:Prs"
2.729885487,"Abs","Prs","4","Aerial","Abs:Prs"
1.817488251,"Prs","Prs","4","Aerial","Prs:Prs"
2.031180532,"Prs","Prs","4","Aerial","Prs:Prs"
2.460812923,"Prs","Abs","4","Aerial","Prs:Abs"
2.670828513,"Prs","Abs","4","Aerial","Prs:Abs"
1.776360438,"Prs","Prs","4","Aerial","Prs:Prs"
1.724433448,"Prs","Prs","4","Aerial","Prs:Prs"
2.456182214,"Prs","Abs","4","Aerial","Prs:Abs"
2.527343936,"Prs","Abs","4","Aerial","Prs:Abs"
2.367278046,"Abs","Abs","4","Aerial","Abs:Abs"
2.114546299,"Abs","Abs","4","Aerial","Abs:Abs"
2.040684478,"Prs","Prs","4","Aerial","Prs:Prs"
1.885533988,"Prs","Prs","4","Aerial","Prs:Prs"
2.157784714,"Abs","Abs","4","Aerial","Abs:Abs"
2.074465255,"Abs","Abs","4","Aerial","Abs:Abs"
0.707961804,"Prs","Abs","1","Roots","Prs:Abs"
0.739946932,"Prs","Abs","1","Roots","Prs:Abs"
0.509695476,"Abs","Abs","1","Roots","Abs:Abs"
0.505997616,"Abs","Abs","1","Roots","Abs:Abs"
0.779910358,"Prs","Prs","1","Roots","Prs:Prs"
0.779910358,"Prs","Prs","1","Roots","Prs:Prs"
0.536699913,"Prs","Abs","1","Roots","Prs:Abs"
0.538712509,"Prs","Abs","1","Roots","Prs:Abs"
0.690021312,"Abs","Prs","1","Roots","Abs:Prs"
0.667682722,"Abs","Prs","1","Roots","Abs:Prs"
0.581983633,"Prs","Abs","1","Roots","Prs:Abs"
0.56275534,"Prs","Abs","1","Roots","Prs:Abs"
0.669583358,"Prs","Prs","1","Roots","Prs:Prs"
0.663508578,"Prs","Prs","1","Roots","Prs:Prs"
0.536255628,"Abs","Abs","1","Roots","Abs:Abs"
0.51516362,"Abs","Abs","1","Roots","Abs:Abs"
0.567530973,"Abs","Prs","1","Roots","Abs:Prs"
0.588021441,"Abs","Prs","1","Roots","Abs:Prs"
0.467831785,"Abs","Abs","1","Roots","Abs:Abs"
0.475543178,"Abs","Abs","1","Roots","Abs:Abs"
0.624732757,"Prs","Prs","2","Roots","Prs:Prs"
0.595233662,"Prs","Prs","2","Roots","Prs:Prs"
0.560299442,"Prs","Abs","2","Roots","Prs:Abs"
0.5899271,"Prs","Abs","2","Roots","Prs:Abs"
0.647422175,"Abs","Prs","2","Roots","Abs:Prs"
0.660803782,"Abs","Prs","2","Roots","Abs:Prs"
0.718458758,"Abs","Prs","2","Roots","Abs:Prs"
0.669771331,"Abs","Prs","2","Roots","Abs:Prs"
0.578676051,"Prs","Abs","2","Roots","Prs:Abs"
0.570873778,"Prs","Abs","2","Roots","Prs:Abs"
0.644368274,"Abs","Prs","2","Roots","Abs:Prs"
0.679129004,"Abs","Prs","2","Roots","Abs:Prs"
0.556972319,"Abs","Abs","2","Roots","Abs:Abs"
0.564636975,"Abs","Abs","2","Roots","Abs:Abs"
0.530671783,"Prs","Abs","2","Roots","Prs:Abs"
0.528696606,"Prs","Abs","2","Roots","Prs:Abs"
0.654190518,"Prs","Prs","2","Roots","Prs:Prs"
0.679154457,"Prs","Prs","2","Roots","Prs:Prs"
0.54355917,"Abs","Abs","2","Roots","Abs:Abs"
0.533978349,"Abs","Abs","2","Roots","Abs:Abs"
0.579253942,"Abs","Prs","3","Roots","Abs:Prs"
0.598845143,"Abs","Prs","3","Roots","Abs:Prs"
0.850746454,"Prs","Prs","3","Roots","Prs:Prs"
0.856714225,"Prs","Prs","3","Roots","Prs:Prs"
0.495814694,"Abs","Abs","3","Roots","Abs:Abs"
0.501520918,"Abs","Abs","3","Roots","Abs:Abs"
0.46650343,"Abs","Abs","3","Roots","Abs:Abs"
0.483252635,"Abs","Abs","3","Roots","Abs:Abs"
0.779341878,"Prs","Prs","3","Roots","Prs:Prs"
0.771258896,"Prs","Prs","3","Roots","Prs:Prs"
0.868113108,"Abs","Prs","3","Roots","Abs:Prs"
0.912319234,"Abs","Prs","3","Roots","Abs:Prs"
0.806272678,"Abs","Prs","3","Roots","Abs:Prs"
0.67988865,"Abs","Prs","3","Roots","Abs:Prs"
0.546995032,"Prs","Prs","3","Roots","Prs:Prs"
0.688905292,"Prs","Prs","3","Roots","Prs:Prs"
0.600115282,"Prs","Abs","3","Roots","Prs:Abs"
0.602059476,"Prs","Abs","3","Roots","Prs:Abs"
0.591554222,"Prs","Abs","3","Roots","Prs:Abs"
0.603242304,"Prs","Abs","3","Roots","Prs:Abs"
0.489097323,"Abs","Abs","4","Roots","Abs:Abs"
0.492807236,"Abs","Abs","4","Roots","Abs:Abs"
0.622026723,"Abs","Prs","4","Roots","Abs:Prs"
0.627704386,"Abs","Prs","4","Roots","Abs:Prs"
0.718153528,"Abs","Prs","4","Roots","Abs:Prs"
0.720065187,"Abs","Prs","4","Roots","Abs:Prs"
0.783113157,"Prs","Prs","4","Roots","Prs:Prs"
0.789142198,"Prs","Prs","4","Roots","Prs:Prs"
0.732884302,"Prs","Abs","4","Roots","Prs:Abs"
0.7429883,"Prs","Abs","4","Roots","Prs:Abs"
0.759479376,"Prs","Prs","4","Roots","Prs:Prs"
0.726002222,"Prs","Prs","4","Roots","Prs:Prs"
0.686717715,"Prs","Abs","4","Roots","Prs:Abs"
0.668468531,"Prs","Abs","4","Roots","Prs:Abs"
0.533742516,"Abs","Abs","4","Roots","Abs:Abs"
0.609804644,"Abs","Abs","4","Roots","Abs:Abs"
0.880583551,"Prs","Prs","4","Roots","Prs:Prs"
0.860555289,"Prs","Prs","4","Roots","Prs:Prs"
0.601635289,"Abs","Abs","4","Roots","Abs:Abs"
0.567329149,"Abs","Abs","4","Roots","Abs:Abs"
