"Biomass","MicB","MicP","Block","Tissue","Interaction"
37.09,"Prs","Abs","1","Aerial","Prs:Abs"
42.92,"Prs","Abs","1","Aerial","Prs:Abs"
76.11,"Abs","Abs","1","Aerial","Abs:Abs"
59.91,"Abs","Abs","1","Aerial","Abs:Abs"
67.46,"Prs","Prs","1","Aerial","Prs:Prs"
32.54,"Prs","Prs","1","Aerial","Prs:Prs"
63.53,"Prs","Abs","1","Aerial","Prs:Abs"
57.55,"Prs","Abs","1","Aerial","Prs:Abs"
85.95,"Abs","Prs","1","Aerial","Abs:Prs"
54.77,"Abs","Prs","1","Aerial","Abs:Prs"
57.6,"Prs","Abs","1","Aerial","Prs:Abs"
65.3,"Prs","Abs","1","Aerial","Prs:Abs"
48.23,"Prs","Prs","1","Aerial","Prs:Prs"
53.44,"Prs","Prs","1","Aerial","Prs:Prs"
70.94,"Abs","Abs","1","Aerial","Abs:Abs"
70.38,"Abs","Abs","1","Aerial","Abs:Abs"
32.36,"Abs","Prs","1","Aerial","Abs:Prs"
92.35,"Abs","Prs","1","Aerial","Abs:Prs"
83.38,"Abs","Abs","1","Aerial","Abs:Abs"
41.37,"Abs","Abs","1","Aerial","Abs:Abs"
68.19,"Prs","Prs","2","Aerial","Prs:Prs"
46.7,"Prs","Prs","2","Aerial","Prs:Prs"
34.19,"Prs","Abs","2","Aerial","Prs:Abs"
65.15,"Prs","Abs","2","Aerial","Prs:Abs"
59.08,"Abs","Prs","2","Aerial","Abs:Prs"
64.69,"Abs","Prs","2","Aerial","Abs:Prs"
58.81,"Abs","Prs","2","Aerial","Abs:Prs"
51.69,"Abs","Prs","2","Aerial","Abs:Prs"
58.81,"Prs","Abs","2","Aerial","Prs:Abs"
68.64,"Prs","Abs","2","Aerial","Prs:Abs"
46.97,"Abs","Prs","2","Aerial","Abs:Prs"
67.9,"Abs","Prs","2","Aerial","Abs:Prs"
67.32,"Abs","Abs","2","Aerial","Abs:Abs"
54.85,"Abs","Abs","2","Aerial","Abs:Abs"
47.38,"Prs","Abs","2","Aerial","Prs:Abs"
64.54,"Prs","Abs","2","Aerial","Prs:Abs"
39.99,"Prs","Prs","2","Aerial","Prs:Prs"
43.42,"Prs","Prs","2","Aerial","Prs:Prs"
85.57,"Abs","Abs","2","Aerial","Abs:Abs"
47.75,"Abs","Abs","2","Aerial","Abs:Abs"
54.98,"Abs","Prs","3","Aerial","Abs:Prs"
47.9,"Abs","Prs","3","Aerial","Abs:Prs"
48.73,"Prs","Prs","3","Aerial","Prs:Prs"
33.07,"Prs","Prs","3","Aerial","Prs:Prs"
69.53,"Abs","Abs","3","Aerial","Abs:Abs"
46.93,"Abs","Abs","3","Aerial","Abs:Abs"
75.37,"Abs","Abs","3","Aerial","Abs:Abs"
37.21,"Abs","Abs","3","Aerial","Abs:Abs"
35.58,"Prs","Prs","3","Aerial","Prs:Prs"
68.57,"Prs","Prs","3","Aerial","Prs:Prs"
56.74,"Abs","Prs","3","Aerial","Abs:Prs"
47.13,"Abs","Prs","3","Aerial","Abs:Prs"
50.14,"Abs","Prs","3","Aerial","Abs:Prs"
46.9,"Abs","Prs","3","Aerial","Abs:Prs"
71.61,"Prs","Prs","3","Aerial","Prs:Prs"
30.79,"Prs","Prs","3","Aerial","Prs:Prs"
58.24,"Prs","Abs","3","Aerial","Prs:Abs"
62.3,"Prs","Abs","3","Aerial","Prs:Abs"
67.66,"Prs","Abs","3","Aerial","Prs:Abs"
67.39,"Prs","Abs","3","Aerial","Prs:Abs"
57.4,"Abs","Abs","4","Aerial","Abs:Abs"
53.31,"Abs","Abs","4","Aerial","Abs:Abs"
54.86,"Abs","Prs","4","Aerial","Abs:Prs"
43.68,"Abs","Prs","4","Aerial","Abs:Prs"
48.21,"Abs","Prs","4","Aerial","Abs:Prs"
27.5,"Abs","Prs","4","Aerial","Abs:Prs"
42.52,"Prs","Prs","4","Aerial","Prs:Prs"
53.58,"Prs","Prs","4","Aerial","Prs:Prs"
53.03,"Prs","Abs","4","Aerial","Prs:Abs"
28.89,"Prs","Abs","4","Aerial","Prs:Abs"
46.04,"Prs","Prs","4","Aerial","Prs:Prs"
50.16,"Prs","Prs","4","Aerial","Prs:Prs"
33.03,"Prs","Abs","4","Aerial","Prs:Abs"
50.91,"Prs","Abs","4","Aerial","Prs:Abs"
34.34,"Abs","Abs","4","Aerial","Abs:Abs"
56.85,"Abs","Abs","4","Aerial","Abs:Abs"
34.57,"Prs","Prs","4","Aerial","Prs:Prs"
47.26,"Prs","Prs","4","Aerial","Prs:Prs"
30.23,"Abs","Abs","4","Aerial","Abs:Abs"
84.16,"Abs","Abs","4","Aerial","Abs:Abs"
3,"Prs","Abs","1","Roots","Prs:Abs"
3.11,"Prs","Abs","1","Roots","Prs:Abs"
17.55,"Abs","Abs","1","Roots","Abs:Abs"
13.96,"Abs","Abs","1","Roots","Abs:Abs"
14.85,"Prs","Prs","1","Roots","Prs:Prs"
7.74,"Prs","Prs","1","Roots","Prs:Prs"
12.53,"Prs","Abs","1","Roots","Prs:Abs"
12.74,"Prs","Abs","1","Roots","Prs:Abs"
26.58,"Abs","Prs","1","Roots","Abs:Prs"
16.48,"Abs","Prs","1","Roots","Abs:Prs"
11.9,"Prs","Abs","1","Roots","Prs:Abs"
18.35,"Prs","Abs","1","Roots","Prs:Abs"
13.12,"Prs","Prs","1","Roots","Prs:Prs"
15.6,"Prs","Prs","1","Roots","Prs:Prs"
22.97,"Abs","Abs","1","Roots","Abs:Abs"
16.4,"Abs","Abs","1","Roots","Abs:Abs"
7.61,"Abs","Prs","1","Roots","Abs:Prs"
21.93,"Abs","Prs","1","Roots","Abs:Prs"
18.2,"Abs","Abs","1","Roots","Abs:Abs"
11.8,"Abs","Abs","1","Roots","Abs:Abs"
13.74,"Prs","Prs","2","Roots","Prs:Prs"
8.05,"Prs","Prs","2","Roots","Prs:Prs"
9.45,"Prs","Abs","2","Roots","Prs:Abs"
15.92,"Prs","Abs","2","Roots","Prs:Abs"
15.03,"Abs","Prs","2","Roots","Abs:Prs"
14.51,"Abs","Prs","2","Roots","Abs:Prs"
14.52,"Abs","Prs","2","Roots","Abs:Prs"
12.76,"Abs","Prs","2","Roots","Abs:Prs"
14.12,"Prs","Abs","2","Roots","Prs:Abs"
13.87,"Prs","Abs","2","Roots","Prs:Abs"
10.49,"Abs","Prs","2","Roots","Abs:Prs"
15.04,"Abs","Prs","2","Roots","Abs:Prs"
16.46,"Abs","Abs","2","Roots","Abs:Abs"
13.99,"Abs","Abs","2","Roots","Abs:Abs"
12.04,"Prs","Abs","2","Roots","Prs:Abs"
11.21,"Prs","Abs","2","Roots","Prs:Abs"
13.58,"Prs","Prs","2","Roots","Prs:Prs"
14.68,"Prs","Prs","2","Roots","Prs:Prs"
20,"Abs","Abs","2","Roots","Abs:Abs"
13.85,"Abs","Abs","2","Roots","Abs:Abs"
10.64,"Abs","Prs","3","Roots","Abs:Prs"
9.86,"Abs","Prs","3","Roots","Abs:Prs"
11.34,"Prs","Prs","3","Roots","Prs:Prs"
9.25,"Prs","Prs","3","Roots","Prs:Prs"
14.99,"Abs","Abs","3","Roots","Abs:Abs"
10.13,"Abs","Abs","3","Roots","Abs:Abs"
14.6,"Abs","Abs","3","Roots","Abs:Abs"
7.59,"Abs","Abs","3","Roots","Abs:Abs"
6.09,"Prs","Prs","3","Roots","Prs:Prs"
13.84,"Prs","Prs","3","Roots","Prs:Prs"
8.5,"Abs","Prs","3","Roots","Abs:Prs"
10.32,"Abs","Prs","3","Roots","Abs:Prs"
12.46,"Abs","Prs","3","Roots","Abs:Prs"
9.45,"Abs","Prs","3","Roots","Abs:Prs"
13.26,"Prs","Prs","3","Roots","Prs:Prs"
8.17,"Prs","Prs","3","Roots","Prs:Prs"
11.58,"Prs","Abs","3","Roots","Prs:Abs"
11.15,"Prs","Abs","3","Roots","Prs:Abs"
12,"Prs","Abs","3","Roots","Prs:Abs"
9.75,"Prs","Abs","3","Roots","Prs:Abs"
11.78,"Abs","Abs","4","Roots","Abs:Abs"
10.48,"Abs","Abs","4","Roots","Abs:Abs"
12.81,"Abs","Prs","4","Roots","Abs:Prs"
10.78,"Abs","Prs","4","Roots","Abs:Prs"
14.68,"Abs","Prs","4","Roots","Abs:Prs"
11.69,"Abs","Prs","4","Roots","Abs:Prs"
11.34,"Prs","Prs","4","Roots","Prs:Prs"
11.4,"Prs","Prs","4","Roots","Prs:Prs"
12.24,"Prs","Abs","4","Roots","Prs:Abs"
7.76,"Prs","Abs","4","Roots","Prs:Abs"
10.05,"Prs","Prs","4","Roots","Prs:Prs"
10.47,"Prs","Prs","4","Roots","Prs:Prs"
11.91,"Prs","Abs","4","Roots","Prs:Abs"
12.32,"Prs","Abs","4","Roots","Prs:Abs"
8,"Abs","Abs","4","Roots","Abs:Abs"
13.66,"Abs","Abs","4","Roots","Abs:Abs"
6.62,"Prs","Prs","4","Roots","Prs:Prs"
13.11,"Prs","Prs","4","Roots","Prs:Prs"
7.33,"Abs","Abs","4","Roots","Abs:Abs"
19.58,"Abs","Abs","4","Roots","Abs:Abs"
